brand_model_year,family car,fuel-efficient car,comfortable car,luxury car,sporty car,quiet car,commuter car,stylish car,affordable car,compact car,spacious car,sexy car
ACURA ILX 2016,0.0,0.42857142857142855,0.35714285714285715,1.0,0.35714285714285715,0.21428571428571427,0.2857142857142857,0.14285714285714285,0.7857142857142857,0.0,0.07142857142857142,0.0
ACURA ILX 2017,0.0,0.0,0.0,0.0,0.0,0.0,1.0,0.0,0.3333333333333333,0.0,0.0,0.0
ACURA MDX 2016,0.25,0.9166666666666666,0.8333333333333334,0.5833333333333334,0.08333333333333333,1.0,0.08333333333333333,0.4166666666666667,0.3333333333333333,0.0,0.25,0.0
ACURA MDX 2017,0.0,1.0,0.3333333333333333,0.0,1.0,0.0,0.0,0.3333333333333333,1.0,0.0,0.0,0.0
ACURA RDX 2016,0.0,0.6111111111111112,1.0,0.2222222222222222,0.0,0.5555555555555556,0.0,0.05555555555555555,0.4444444444444444,0.16666666666666666,0.05555555555555555,0.0
ACURA RDX 2017,0.0,0.8333333333333334,1.0,0.3333333333333333,0.16666666666666666,0.6666666666666666,0.0,0.16666666666666666,1.0,0.5,0.16666666666666666,0.0
ACURA RLX 2016,0.0,0.0,0.0,0.0,0.0,1.0,0.0,0.0,0.2,0.0,0.0,0.6
ACURA TLX 2016,0.0,0.4,0.65,0.5,0.4,1.0,0.25,0.5,0.35,0.0,0.0,0.0
ACURA TLX 2017,0.0,0.0,0.5,1.0,0.0,0.5,0.0,0.0,0.5,0.0,0.0,0.0
ALFA-ROMEO GIULIA 2017,0.0,0.0,1.0,0.0,0.0,0.0,0.0,0.0,0.0,0.0,0.0,0.0
AUDI A3-SPORTBACK-E-TRON 2016,0.0,0.6666666666666666,0.16666666666666666,0.3333333333333333,0.0,0.3333333333333333,1.0,0.0,0.3333333333333333,0.3333333333333333,0.0,0.0
AUDI A3-SPORTBACK-E-TRON 2017,0.0,0.0,1.0,0.0,0.0,1.0,0.0,0.0,0.0,0.0,0.0,0.0
AUDI A3 2016,0.0,0.0,0.0,0.0,0.0,0.0,0.0,0.0,0.0,1.0,0.0,0.0
AUDI A4-ALLROAD 2017,0.0,0.0,0.0,0.0,0.0,1.0,0.0,0.0,0.0,0.0,0.0,0.0
AUDI A4 2016,0.0,0.0,0.125,0.0,0.0,1.0,0.0,0.125,0.0,0.0,0.0,0.0
AUDI A4 2017,0.0,1.0,0.7142857142857143,0.8571428571428571,0.5714285714285714,0.5714285714285714,0.0,0.42857142857142855,0.42857142857142855,0.0,0.2857142857142857,0.0
AUDI A6 2016,0.0,0.0,1.0,0.0,0.0,0.0,0.16666666666666666,0.0,0.0,0.0,0.0,0.0
AUDI A6 2017,0.0,0.0,1.0,0.0,0.0,0.0,0.0,1.0,0.0,0.0,0.0,0.0
AUDI A7 2016,0.0,0.0,0.0,0.0,0.0,1.0,0.0,1.0,0.0,0.0,0.0,0.0
AUDI A8 2016,0.0,0.0,1.0,0.0,0.0,0.3333333333333333,0.0,0.0,0.0,0.0,0.0,0.0
AUDI Q3 2016,0.0,0.3333333333333333,1.0,0.0,0.0,0.5,0.0,0.16666666666666666,0.0,0.0,0.0,0.0
AUDI Q5 2016,0.0,0.75,0.75,0.5,0.0,1.0,0.0,0.0,0.25,0.0,0.75,0.0
AUDI Q5 2017,0.0,0.0,0.0,0.0,1.0,0.0,0.0,0.0,0.0,0.0,0.0,0.0
AUDI Q7 2017,0.0,0.18181818181818182,1.0,0.36363636363636365,0.18181818181818182,0.2727272727272727,0.0,0.0,0.36363636363636365,0.0,0.0,0.0
AUDI S3 2016,0.0,0.0,1.0,0.3333333333333333,0.3333333333333333,0.0,0.0,0.0,0.6666666666666666,0.3333333333333333,0.0,0.0
AUDI S6 2016,0.0,0.0,1.0,0.16666666666666666,0.0,0.5,0.0,0.0,0.0,0.0,0.0,0.0
AUDI S7 2016,0.0,0.6666666666666666,0.0,0.0,0.0,1.0,0.3333333333333333,0.0,0.0,0.0,0.0,0.0
AUDI S7 2017,0.0,0.0,0.0,0.0,0.0,0.0,0.0,1.0,0.0,0.0,0.0,0.0
AUDI SQ5 2016,0.0,0.0,0.5,0.5,1.0,0.0,0.0,0.0,0.5,0.0,1.0,0.0
AUDI TT 2016,0.0,0.0,1.0,0.0,0.0,0.5,0.0,0.0,0.0,0.0,0.0,0.0
AUDI TTS 2016,0.0,0.2857142857142857,0.14285714285714285,0.0,1.0,0.0,0.0,0.0,0.0,0.14285714285714285,0.0,0.0
AUDI TTS 2017,0.0,0.0,0.0,0.0,1.0,0.0,0.0,0.0,0.0,0.0,0.0,0.0
BMW 2-SERIES 2016,0.0,0.0,0.3333333333333333,0.0,0.3333333333333333,0.3333333333333333,0.0,0.0,1.0,0.0,0.0,0.0
BMW 3-SERIES-EDRIVE 2016,0.0,0.0,1.0,0.0,0.3333333333333333,0.0,0.3333333333333333,0.0,0.0,0.0,0.0,0.0
BMW 3-SERIES-GRAN-TURISMO 2016,0.0,1.0,0.0,0.0,0.0,1.0,0.0,0.0,0.0,0.0,0.0,0.0
BMW 3-SERIES 2016,0.0,0.6666666666666666,1.0,0.3333333333333333,1.0,0.16666666666666666,0.0,0.0,0.3333333333333333,0.16666666666666666,0.0,0.0
BMW 3-SERIES 2017,0.0,0.0,1.0,0.0,0.0,1.0,0.0,0.0,0.0,0.0,1.0,0.0
BMW 4-SERIES-GRAN-COUPE 2016,0.0,0.0,1.0,0.0,0.5,0.0,0.0,0.0,0.5,0.0,0.0,0.0
BMW 4-SERIES 2016,0.0,0.5,0.25,1.0,0.75,0.0,0.0,0.0,0.25,0.0,0.0,0.0
BMW 5-SERIES 2016,0.0,1.0,0.0,0.5,0.0,0.0,0.0,0.5,1.0,0.0,0.0,0.0
BMW 6-SERIES 2016,0.0,0.3333333333333333,1.0,0.5,0.16666666666666666,0.0,0.0,0.0,0.0,0.0,0.16666666666666666,0.0
BMW 7-SERIES 2016,0.0,0.0,0.5,1.0,0.0,0.0,0.0,0.5,0.0,0.0,0.0,0.0
BMW 7-SERIES 2017,0.0,0.5,0.0,1.0,0.25,0.25,0.0,0.0,0.0,0.0,0.0,0.0
BMW I3 2016,0.0,0.0,0.5,0.0,1.0,1.0,0.0,0.0,0.0,0.0,0.0,0.0
BMW I3 2017,0.0,0.0,1.0,0.0,0.0,0.0,1.0,0.0,0.0,0.0,0.0,0.0
BMW I8 2016,0.3333333333333333,1.0,0.3333333333333333,0.0,0.0,0.0,0.0,0.0,0.0,0.0,0.0,0.0
BMW M4 2016,0.0,0.0,1.0,0.0,0.0,0.0,0.0,0.0,0.0,0.0,0.0,0.0
BMW M6 2016,0.0,0.0,0.0,0.0,0.16666666666666666,0.0,0.0,1.0,0.0,0.0,0.0,0.0
BMW X1 2016,0.0,1.0,1.0,0.5,0.6666666666666666,0.0,0.0,0.16666666666666666,0.16666666666666666,0.5,0.8333333333333334,0.0
BMW X1 2017,0.0,0.0,0.25,0.25,1.0,0.0,0.0,0.25,0.5,0.25,0.5,0.0
BMW X3 2016,0.0,0.0,1.0,0.25,0.0,0.75,0.0,0.0,0.25,0.25,0.0,0.0
BMW X3 2017,0.0,0.0,1.0,0.0,0.0,0.5,0.0,0.0,0.0,0.0,0.0,0.0
BMW X4 2017,0.0,0.0,0.0,0.0,1.0,0.0,0.0,0.0,0.0,0.0,0.0,0.0
BMW X5-EDRIVE 2016,0.6666666666666666,0.0,1.0,0.6666666666666666,0.0,0.0,0.0,0.3333333333333333,0.0,0.0,0.3333333333333333,0.0
BMW X5 2016,0.0,1.0,0.0,0.5,0.5,0.0,0.0,0.5,1.0,0.5,0.0,0.0
BMW X6 2016,0.0,0.0,1.0,0.0,0.0,0.0,0.0,1.0,0.0,0.0,0.0,0.0
BUICK CASCADA 2016,0.0,0.16666666666666666,1.0,0.4166666666666667,0.25,0.75,0.0,0.08333333333333333,0.08333333333333333,0.0,0.08333333333333333,0.0
BUICK ENCLAVE 2016,0.0,0.2,1.0,0.0,0.0,0.2,0.0,0.0,0.0,0.0,0.2,0.0
BUICK ENCLAVE 2017,0.0,0.0,1.0,0.0,0.0,0.0,0.0,0.0,0.0,0.0,0.0,0.0
BUICK ENCORE 2016,0.0,1.0,0.5714285714285714,0.14285714285714285,0.14285714285714285,0.2857142857142857,0.0,0.0,0.14285714285714285,0.2857142857142857,0.14285714285714285,0.0
BUICK ENCORE 2017,0.0,0.0,1.0,0.0,0.0,0.0,0.0,0.0,0.0,0.0,0.0,0.0
BUICK ENVISION 2016,0.0,0.0,0.3333333333333333,1.0,0.6666666666666666,0.3333333333333333,0.0,0.3333333333333333,0.0,1.0,0.0,0.0
BUICK LACROSSE 2016,0.0,0.0,1.0,0.0,0.0,0.0,0.0,0.0,0.0,0.0,0.0,0.0
BUICK LACROSSE 2017,0.0,0.75,1.0,0.5,0.0,0.75,0.0,0.0,0.0,0.0,0.25,0.0
BUICK REGAL 2016,0.0,0.0,0.0,0.0,0.3333333333333333,1.0,0.0,0.3333333333333333,0.3333333333333333,0.0,0.0,0.0
BUICK VERANO 2016,0.0,0.0,1.0,0.5,0.0,0.0,0.0,0.0,0.0,1.0,0.0,0.0
CADILLAC ATS-V 2016,0.0,0.0,0.0,0.0,1.0,0.0,0.0,1.0,0.0,0.0,0.0,0.0
CADILLAC ATS 2016,0.0,0.0,0.0,0.0,0.0,0.0,0.0,1.0,0.0,0.0,0.0,0.0
CADILLAC CT6 2016,0.0,0.0,0.16666666666666666,0.0,0.16666666666666666,1.0,0.0,0.6666666666666666,0.0,0.5,0.16666666666666666,0.0
CADILLAC CTS-V 2016,0.0,0.0,0.0,0.0,0.0,0.0,0.0,0.0,1.0,0.0,0.0,0.0
CADILLAC CTS 2016,0.0,0.5,0.5,0.75,0.0,1.0,0.0,0.0,0.0,0.0,0.0,0.0
CADILLAC ELR 2016,0.16666666666666666,0.16666666666666666,0.5,1.0,0.0,0.0,0.16666666666666666,0.3333333333333333,0.0,0.0,0.16666666666666666,0.0
CADILLAC ESCALADE-ESV 2016,1.0,0.0,0.0,0.0,0.0,0.0,0.0,0.0,0.0,0.0,0.0,0.0
CADILLAC ESCALADE 2016,0.0,0.0,0.75,0.0,0.0,1.0,0.0,0.0,0.0,0.0,0.0,0.0
CADILLAC SRX 2016,0.25,0.0,1.0,0.0,0.0,0.0,0.0,0.0,0.25,0.0,0.0,0.0
CADILLAC XT5 2017,0.2857142857142857,0.5714285714285714,1.0,0.0,0.14285714285714285,1.0,0.0,0.14285714285714285,0.0,0.0,0.0,0.0
CADILLAC XTS 2016,0.0,0.0,0.0,1.0,0.0,0.0,0.0,1.0,0.0,0.0,0.0,0.0
CADILLAC XTS 2017,0.0,0.0,0.0,0.0,0.0,0.0,0.0,1.0,0.0,1.0,0.0,0.0
CHEVROLET BOLT-EV 2017,0.0,0.0,0.0,0.0,0.25,0.0,1.0,0.0,0.0,0.0,0.0,0.0
CHEVROLET CAMARO 2016,0.0,0.5454545454545454,1.0,0.0,0.09090909090909091,0.18181818181818182,0.0,0.0,0.09090909090909091,0.0,0.0,0.0
CHEVROLET CAMARO 2017,0.0,0.6666666666666666,1.0,0.0,0.0,0.0,0.0,0.0,0.0,0.0,0.0,0.0
CHEVROLET COLORADO 2016,0.0,1.0,0.2857142857142857,0.0,0.0,0.0,0.0,0.0,0.0,0.0,0.0,0.0
CHEVROLET COLORADO 2017,0.0,1.0,0.0,0.0,0.0,0.0,0.0,0.0,0.0,0.0,0.0,0.0
CHEVROLET CORVETTE 2016,0.0,0.0,0.2,0.0,0.2,0.0,0.0,1.0,0.0,0.0,0.0,0.0
CHEVROLET CORVETTE 2017,0.0,0.0,1.0,0.0,0.0,0.0,0.0,0.0,0.0,0.0,0.0,0.0
CHEVROLET CRUZE-LIMITED 2016,0.0,0.16666666666666666,1.0,0.0,0.0,0.16666666666666666,0.5,0.0,0.0,0.3333333333333333,0.3333333333333333,0.0
CHEVROLET CRUZE 2016,0.0,0.4444444444444444,1.0,0.0,0.0,0.2222222222222222,0.0,0.2222222222222222,0.2222222222222222,0.7777777777777778,0.2222222222222222,0.0
CHEVROLET CRUZE 2017,0.0,1.0,0.0,0.16666666666666666,0.16666666666666666,0.16666666666666666,0.0,0.0,0.16666666666666666,0.0,0.3333333333333333,0.0
CHEVROLET EQUINOX 2016,0.1111111111111111,0.4444444444444444,1.0,0.1111111111111111,0.0,0.1111111111111111,0.0,0.0,0.0,0.0,0.0,0.0
CHEVROLET EQUINOX 2017,0.0,0.6666666666666666,0.6666666666666666,0.0,1.0,0.3333333333333333,0.0,0.0,0.3333333333333333,0.0,0.0,0.0
CHEVROLET IMPALA 2016,0.0,0.5714285714285714,1.0,0.14285714285714285,0.14285714285714285,0.14285714285714285,0.0,0.2857142857142857,0.42857142857142855,0.0,0.0,0.0
CHEVROLET IMPALA 2017,0.0,0.0,1.0,0.0,0.0,0.5,0.0,0.0,0.0,0.0,0.5,0.0
CHEVROLET MALIBU-LIMITED 2016,0.0,1.0,1.0,0.0,0.0,0.5,0.0,0.5,0.0,0.0,0.0,0.0
CHEVROLET MALIBU 2016,0.05555555555555555,0.5,1.0,0.05555555555555555,0.0,0.2222222222222222,0.05555555555555555,0.0,0.05555555555555555,0.05555555555555555,0.6111111111111112,0.1111111111111111
CHEVROLET MALIBU 2017,0.0,1.0,0.5,0.0,0.0,0.0,0.0,0.0,0.0,0.0,0.0,0.0
CHEVROLET SILVERADO-1500 2016,0.0,1.0,0.0,0.0,0.0,0.0,0.0,0.0,0.0,0.0,0.0,0.0
CHEVROLET SPARK-EV 2016,0.0,0.0,0.0,0.0,0.0,0.0,0.0,0.0,0.0,1.0,0.0,0.0
CHEVROLET SPARK 2016,0.0,0.6153846153846154,0.46153846153846156,0.0,0.0,0.15384615384615385,0.0,0.0,0.15384615384615385,1.0,0.0,0.0
CHEVROLET SPARK 2017,0.0,0.4,0.8,0.0,0.4,0.0,0.0,0.8,0.4,1.0,0.0,0.0
CHEVROLET SS 2016,0.0,0.0,0.16666666666666666,0.0,0.0,0.0,0.0,1.0,0.0,0.0,0.0,0.0
CHEVROLET SUBURBAN 2016,0.16666666666666666,0.0,1.0,0.0,0.0,0.0,0.0,0.16666666666666666,0.3333333333333333,0.16666666666666666,0.0,0.0
CHEVROLET TAHOE 2016,0.18181818181818182,0.09090909090909091,1.0,0.18181818181818182,0.0,0.18181818181818182,0.0,0.0,0.0,0.0,0.18181818181818182,0.0
CHEVROLET TRAVERSE 2016,0.25,0.5,1.0,0.0,0.0,0.0,0.0,0.0,0.25,0.0,0.125,0.0
CHEVROLET TRAVERSE 2017,0.0,0.0,1.0,0.0,0.0,0.0,0.0,0.0,0.0,0.0,0.0,0.0
CHEVROLET TRAX 2016,0.0,1.0,0.1111111111111111,0.0,0.0,0.05555555555555555,0.05555555555555555,0.05555555555555555,0.1111111111111111,0.2777777777777778,0.16666666666666666,0.0
CHEVROLET VOLT 2016,0.06666666666666667,0.26666666666666666,0.6,0.2,0.13333333333333333,1.0,0.06666666666666667,0.0,0.3333333333333333,0.06666666666666667,0.0,0.0
CHEVROLET VOLT 2017,0.0,0.125,0.5,0.375,0.375,1.0,0.75,0.25,0.25,0.0,0.0,0.0
CHRYSLER 200 2016,0.0,0.4,1.0,0.2,0.3,0.1,0.0,0.3,0.0,0.0,0.2,0.0
CHRYSLER 300 2016,0.0,0.0,0.5,0.0,0.0,1.0,0.0,0.0,0.0,0.0,0.0,0.0
CHRYSLER 300 2017,0.0,0.0,1.0,0.0,0.0,0.0,0.0,1.0,0.0,0.0,0.0,0.0
CHRYSLER PACIFICA 2017,0.0196078431372549,0.3137254901960784,1.0,0.0196078431372549,0.0,0.13725490196078433,0.0,0.27450980392156865,0.0196078431372549,0.0,0.058823529411764705,0.0
CHRYSLER TOWN-AND-COUNTRY 2016,0.5,0.0,0.0,0.0,0.5,0.0,0.0,0.0,0.5,0.0,1.0,0.0
DODGE CHALLENGER 2016,0.0,0.16666666666666666,0.5,0.16666666666666666,0.3333333333333333,0.6666666666666666,0.0,1.0,0.16666666666666666,0.0,0.0,0.0
DODGE CHALLENGER 2017,0.0,0.0,0.0,0.0,0.0,0.0,0.0,0.0,0.0,0.0,1.0,0.0
DODGE CHARGER 2016,0.46153846153846156,0.46153846153846156,1.0,0.07692307692307693,0.15384615384615385,0.07692307692307693,0.0,0.07692307692307693,0.15384615384615385,0.0,0.0,0.0
DODGE CHARGER 2017,0.0,0.0,0.0,0.0,0.0,0.0,0.0,0.0,1.0,0.0,0.0,0.0
DODGE DART 2016,0.0,0.16666666666666666,1.0,0.0,0.0,0.16666666666666666,0.0,0.16666666666666666,0.6666666666666666,0.5,0.0,0.0
DODGE DURANGO 2016,0.5,1.0,0.5,0.0,0.5,0.0,0.0,0.0,0.5,0.0,0.0,0.0
DODGE DURANGO 2017,0.0,0.0,0.0,0.0,1.0,1.0,0.0,0.0,0.0,0.0,1.0,0.0
DODGE GRAND-CARAVAN 2016,0.0,0.2857142857142857,0.2857142857142857,0.42857142857142855,0.0,0.0,0.0,0.0,0.7142857142857143,0.0,1.0,0.0
DODGE JOURNEY 2016,0.14285714285714285,0.14285714285714285,0.8571428571428571,0.14285714285714285,0.0,0.2857142857142857,0.0,0.0,0.7142857142857143,1.0,0.42857142857142855,0.0
DODGE JOURNEY 2017,0.0,0.0,1.0,0.0,0.0,1.0,0.0,0.3333333333333333,0.3333333333333333,0.0,0.0,0.0
FIAT 124-SPIDER 2017,0.0,0.0,1.0,0.2,0.6,0.2,0.0,0.4,0.0,0.0,0.0,0.0
FIAT 500 2016,0.0,0.0,1.0,0.0,0.0,0.0,0.0,0.0,0.3333333333333333,0.0,0.0,0.0
FIAT 500E 2016,0.0,0.0,0.3333333333333333,0.0,0.0,0.0,1.0,0.0,0.0,1.0,0.0,0.0
FIAT 500X 2016,0.0,1.0,1.0,0.5,0.16666666666666666,0.25,0.08333333333333333,0.5833333333333334,0.6666666666666666,0.5,0.25,0.0
FIAT 500X 2017,0.0,0.0,1.0,0.0,0.0,0.0,0.0,0.0,0.0,0.0,0.0,0.0
FORD C-MAX-ENERGI 2016,0.0,0.6,1.0,0.0,0.0,0.4,0.2,0.0,0.2,0.2,0.8,0.0
FORD C-MAX-HYBRID 2016,0.0,0.2,0.0,0.0,0.0,1.0,0.0,0.0,0.0,0.0,0.0,0.0
FORD EDGE 2016,0.0,0.26666666666666666,1.0,0.13333333333333333,0.0,0.3333333333333333,0.0,0.3333333333333333,0.06666666666666667,0.2,0.13333333333333333,0.0
FORD EDGE 2017,0.0,0.0,1.0,0.0,1.0,0.0,0.0,0.0,0.0,0.0,0.0,0.0
FORD ESCAPE 2016,0.0,1.0,1.0,0.0,0.6666666666666666,0.3333333333333333,0.0,0.5,0.3333333333333333,0.8333333333333334,0.0,0.0
FORD ESCAPE 2017,0.0,0.6875,1.0,0.0,0.0,0.25,0.125,0.0,0.0,0.0625,0.0,0.0
FORD EXPEDITION 2016,0.0,0.75,0.375,0.0,0.0,1.0,0.0,0.0,0.0,0.0,0.0,0.0
FORD EXPEDITION 2017,0.0,1.0,1.0,0.0,0.5,0.0,0.0,0.75,0.0,0.0,0.0,0.0
FORD EXPLORER 2016,0.07142857142857142,0.09523809523809523,1.0,0.09523809523809523,0.047619047619047616,0.11904761904761904,0.0,0.11904761904761904,0.023809523809523808,0.0,0.09523809523809523,0.023809523809523808
FORD EXPLORER 2017,0.2,0.4,1.0,0.0,0.0,0.0,0.0,0.0,0.0,0.0,0.0,0.0
FORD F-150 2016,0.0,1.0,0.0,0.0,0.0,0.0,0.0,0.0,0.0,0.0,0.0,0.0
FORD FIESTA 2016,0.0,0.25,0.0,0.0,0.0,0.0,0.0,0.0,0.0,1.0,0.0,0.0
FORD FLEX 2016,1.0,0.0,0.0,0.0,0.0,0.0,0.0,0.0,0.0,0.0,0.0,0.0
FORD FOCUS-RS 2016,0.16666666666666666,0.0,0.0,0.0,0.0,0.0,1.0,0.0,0.0,0.0,0.0,0.0
FORD FOCUS-ST 2016,0.75,1.0,0.25,0.0,0.0,0.25,0.5,0.0,0.0,0.75,0.0,0.0
FORD FOCUS 2016,0.1111111111111111,0.4444444444444444,0.3333333333333333,0.0,0.1111111111111111,0.5555555555555556,0.0,0.0,0.1111111111111111,1.0,0.0,0.0
FORD FUSION-ENERGI 2016,0.0,1.0,1.0,0.0,0.0,0.0,0.0,0.0,0.5,0.0,1.0,0.0
FORD FUSION-ENERGI 2017,0.0,1.0,0.5,0.0,0.0,1.0,1.0,0.0,0.5,0.0,0.0,0.0
FORD FUSION-HYBRID 2016,0.0,0.0,1.0,0.0,0.0,0.5,0.0,0.75,0.25,0.0,0.0,0.0
FORD FUSION-HYBRID 2017,0.0,0.0,1.0,0.0,0.0,0.0,0.3333333333333333,0.0,0.6666666666666666,0.0,0.0,0.0
FORD FUSION 2016,0.0,0.5384615384615384,0.3076923076923077,0.07692307692307693,0.38461538461538464,1.0,0.0,0.0,0.6923076923076923,0.07692307692307693,0.0,0.0
FORD FUSION 2017,0.16666666666666666,0.0,1.0,0.16666666666666666,0.0,0.0,0.0,0.0,0.5,0.0,0.0,0.0
FORD MUSTANG 2016,0.0,0.25,1.0,0.15,0.2,0.05,0.2,0.2,0.0,0.05,0.0,0.0
FORD MUSTANG 2017,0.0,0.0,1.0,0.0,0.0,0.0,0.0,0.0,1.0,0.0,1.0,0.0
FORD SHELBY-GT350 2016,0.0,0.3333333333333333,1.0,0.0,0.0,0.0,0.0,0.0,0.0,0.0,0.0,0.0
FORD SHELBY-GT350 2017,0.0,0.0,0.0,0.0,0.0,0.0,0.0,0.0,1.0,1.0,0.0,0.0
FORD TAURUS 2016,0.0,0.0,1.0,0.0,0.0,0.0,0.0,1.0,0.5,0.0,0.5,0.0
FORD TRANSIT-CONNECT 2016,0.0,0.0,0.0,0.0,0.0,0.0,0.0,0.0,0.0,0.0,1.0,0.0
FORD TRANSIT-VAN 2016,0.0,0.0,0.6666666666666666,1.0,0.0,0.0,0.0,0.0,0.0,0.0,0.0,0.0
FORD TRANSIT-WAGON 2016,0.0,0.0,1.0,0.0,0.0,1.0,0.0,0.0,0.0,0.0,0.0,0.0
GENESIS G80 2017,0.0,0.0,0.5,0.0,0.0,1.0,0.0,0.25,0.25,0.0,0.0,0.0
GMC ACADIA-LIMITED 2017,0.0,0.0,0.0,0.0,0.0,1.0,0.0,0.0,0.0,0.0,0.0,0.0
GMC ACADIA 2016,0.0,0.0,1.0,0.2857142857142857,0.0,0.14285714285714285,0.0,0.0,0.0,0.0,0.14285714285714285,0.0
GMC ACADIA 2017,0.0,0.2222222222222222,1.0,0.0,0.3333333333333333,0.0,0.0,0.1111111111111111,0.1111111111111111,0.1111111111111111,0.0,0.0
GMC CANYON 2016,0.0,1.0,1.0,0.0,0.0,0.0,0.0,0.0,0.0,0.0,0.0,0.0
GMC TERRAIN 2016,0.0,0.0,0.25,0.0,0.0,1.0,0.0,0.0,0.25,0.25,0.0,0.0
GMC YUKON-XL 2016,0.5,1.0,0.25,0.0,0.0,0.25,0.0,0.0,0.0,0.0,0.0,0.0
GMC YUKON 2016,0.0,0.0,1.0,0.0,0.0,0.0,0.0,0.0,0.0,0.0,0.0,0.0
HONDA ACCORD-HYBRID 2017,0.058823529411764705,1.0,0.47058823529411764,0.11764705882352941,0.17647058823529413,0.5294117647058824,0.11764705882352941,0.058823529411764705,0.058823529411764705,0.0,0.0,0.0
HONDA ACCORD 2016,0.08333333333333333,0.9166666666666666,1.0,0.1111111111111111,0.25,0.3888888888888889,0.0,0.16666666666666666,0.4722222222222222,0.1111111111111111,0.3055555555555556,0.0
HONDA ACCORD 2017,0.0,0.6666666666666666,0.8888888888888888,0.3333333333333333,0.1111111111111111,1.0,0.0,0.4444444444444444,0.6666666666666666,0.0,0.0,0.0
HONDA CIVIC 2016,0.0,1.0,0.75,0.075,0.4,0.275,0.1,0.225,0.175,0.675,0.1,0.05
HONDA CIVIC 2017,0.3333333333333333,0.3333333333333333,0.3333333333333333,0.3333333333333333,0.3333333333333333,0.0,0.0,1.0,0.3333333333333333,0.0,0.0,0.3333333333333333
HONDA CR-V 2016,0.08108108108108109,1.0,0.8378378378378378,0.05405405405405406,0.13513513513513514,0.5675675675675675,0.05405405405405406,0.05405405405405406,0.5135135135135135,0.21621621621621623,0.3783783783783784,0.0
HONDA CR-V 2017,0.0,1.0,0.8,0.0,0.0,0.2,0.0,0.0,0.2,0.0,0.2,0.0
HONDA CR-Z 2016,0.0,0.0,1.0,0.0,0.0,0.0,0.0,0.0,0.5,0.0,0.0,0.0
HONDA FIT 2016,0.0,1.0,0.18181818181818182,0.0,0.22727272727272727,0.09090909090909091,0.22727272727272727,0.13636363636363635,0.22727272727272727,0.5909090909090909,0.18181818181818182,0.0
HONDA FIT 2017,0.0,0.6666666666666666,1.0,0.0,0.0,0.0,0.0,0.0,0.16666666666666666,0.16666666666666666,0.0,0.0
HONDA HR-V 2016,0.027777777777777776,1.0,0.8055555555555556,0.1111111111111111,0.08333333333333333,0.6111111111111112,0.027777777777777776,0.3611111111111111,0.2777777777777778,0.3055555555555556,0.16666666666666666,0.0
HONDA HR-V 2017,0.6666666666666666,1.0,0.0,0.0,0.0,0.3333333333333333,0.0,0.0,0.0,0.0,0.0,0.0
HONDA ODYSSEY 2016,0.4,0.5333333333333333,1.0,0.0,0.0,0.06666666666666667,0.0,0.5333333333333333,0.2,0.0,0.2,0.0
HONDA PILOT 2016,0.30434782608695654,0.8478260869565217,1.0,0.13043478260869565,0.17391304347826086,0.3695652173913043,0.021739130434782608,0.13043478260869565,0.34782608695652173,0.06521739130434782,0.6086956521739131,0.0
HONDA PILOT 2017,0.25,1.0,0.5,0.0,0.0,0.0,0.0,0.0,0.0,0.0,0.5,0.0
HONDA RIDGELINE 2017,0.0,0.42857142857142855,1.0,0.09523809523809523,0.23809523809523808,0.8571428571428571,0.23809523809523808,0.5714285714285714,0.19047619047619047,0.09523809523809523,0.3333333333333333,0.0
HYUNDAI ACCENT 2016,0.0,0.5,0.75,0.0,0.0,0.0,0.0,0.0,0.75,1.0,0.5,0.0
HYUNDAI AZERA 2016,0.0,0.0,1.0,1.0,0.3333333333333333,0.0,0.0,0.3333333333333333,1.0,0.0,0.3333333333333333,0.0
HYUNDAI ELANTRA-GT 2016,0.25,0.0,0.0,0.0,1.0,0.0,0.0,0.25,0.25,1.0,0.25,0.0
HYUNDAI ELANTRA 2016,0.14285714285714285,0.5714285714285714,1.0,0.0,0.0,0.5714285714285714,0.14285714285714285,0.0,0.42857142857142855,0.14285714285714285,0.8571428571428571,1.0
HYUNDAI ELANTRA 2017,0.08333333333333333,1.0,0.8333333333333334,0.16666666666666666,0.4166666666666667,0.4166666666666667,0.25,0.0,0.75,0.9166666666666666,0.08333333333333333,0.0
HYUNDAI EQUUS 2016,0.0,1.0,0.75,0.0,0.0,0.25,0.0,0.25,1.0,0.0,0.0,0.0
HYUNDAI GENESIS 2016,0.0,0.3076923076923077,1.0,0.3076923076923077,0.23076923076923078,0.5384615384615384,0.0,0.6923076923076923,0.07692307692307693,0.0,0.0,0.0
HYUNDAI SANTA-FE-SPORT 2016,0.0,1.0,0.0,0.25,0.0,1.0,0.0,0.25,0.25,0.0,1.0,0.0
HYUNDAI SANTA-FE-SPORT 2017,0.047619047619047616,0.5714285714285714,1.0,0.14285714285714285,0.2857142857142857,0.09523809523809523,0.0,0.047619047619047616,0.19047619047619047,0.047619047619047616,0.047619047619047616,0.0
HYUNDAI SANTA-FE 2016,0.0,0.0,1.0,0.0,0.0,0.0,0.0,0.0,0.5,0.0,0.0,0.0
HYUNDAI SANTA-FE 2017,0.0,0.0,1.0,0.0,1.0,0.5,0.0,0.5,1.0,0.0,0.0,0.0
HYUNDAI SONATA-HYBRID 2016,0.0,0.8333333333333334,0.8888888888888888,0.05555555555555555,0.0,1.0,0.4444444444444444,0.2222222222222222,0.2777777777777778,0.05555555555555555,0.16666666666666666,0.0
HYUNDAI SONATA-PLUG-IN-HYBRID 2016,0.0,0.0,0.2,1.0,0.0,0.6,0.0,0.0,0.6,0.0,0.0,0.0
HYUNDAI SONATA-PLUG-IN-HYBRID 2017,0.0,0.6666666666666666,0.3333333333333333,0.3333333333333333,0.0,0.0,1.0,0.0,0.0,0.0,0.0,0.0
HYUNDAI SONATA 2016,0.0,0.23076923076923078,1.0,0.15384615384615385,0.0,0.6923076923076923,0.07692307692307693,0.0,0.46153846153846156,0.07692307692307693,0.23076923076923078,0.0
HYUNDAI SONATA 2017,0.0,0.6666666666666666,1.0,0.0,0.0,0.3333333333333333,0.0,0.0,0.3333333333333333,0.0,0.0,0.0
HYUNDAI TUCSON 2016,0.047619047619047616,0.8571428571428571,1.0,0.09523809523809523,0.5714285714285714,0.9523809523809523,0.047619047619047616,0.09523809523809523,0.23809523809523808,0.23809523809523808,0.09523809523809523,0.09523809523809523
HYUNDAI TUCSON 2017,0.0,0.0,1.0,0.0,0.3333333333333333,0.6666666666666666,0.0,0.0,0.3333333333333333,0.0,0.0,0.0
HYUNDAI VELOSTER 2016,0.0,0.0,0.4,0.0,1.0,0.0,0.0,0.6,0.4,0.6,0.0,0.0
INFINITI Q50 2016,0.0,0.0,0.5,0.0,0.5,1.0,0.0,0.5,0.0,0.0,0.0,0.0
INFINITI Q60-COUPE 2017,0.0,0.0,0.3333333333333333,0.3333333333333333,0.3333333333333333,0.3333333333333333,0.0,0.0,0.0,0.0,0.0,1.0
INFINITI Q70 2016,0.0,0.0,0.0,0.25,0.0,0.25,0.0,0.0,0.0,0.0,1.0,0.0
INFINITI QX30 2017,0.0,0.0,1.0,0.0,0.0,0.0,0.0,0.0,0.0,0.0,0.0,0.0
INFINITI QX50 2016,0.0,1.0,0.25,0.25,0.75,0.0,0.0,0.0,0.75,0.0,0.0,0.0
INFINITI QX60 2016,0.0,0.0,0.6666666666666666,0.1111111111111111,0.0,0.1111111111111111,0.0,0.3333333333333333,0.3333333333333333,0.0,1.0,0.0
INFINITI QX60 2017,0.0,0.0,0.0,0.0,0.0,1.0,0.0,0.0,0.0,0.0,0.0,0.0
INFINITI QX70 2017,0.0,0.0,1.0,1.0,0.0,0.0,0.0,0.0,0.0,1.0,0.0,0.0
INFINITI QX80 2016,0.0,0.0,0.0,1.0,0.0,0.0,0.0,0.0,0.0,0.0,0.0,0.0
JAGUAR F-PACE 2017,0.0,0.2857142857142857,0.7142857142857143,0.2857142857142857,0.2857142857142857,1.0,0.14285714285714285,0.14285714285714285,0.0,0.0,0.5714285714285714,0.0
JAGUAR F-TYPE 2016,0.0,0.0,0.0,0.2,1.0,0.0,0.0,0.4,0.0,0.0,0.0,0.0
JAGUAR F-TYPE 2017,0.0,0.0,1.0,0.0,1.0,0.0,0.0,0.0,0.0,0.0,0.0,0.0
JAGUAR XE 2017,0.5,0.0,0.0,0.5,0.25,0.25,0.0,0.5,0.0,1.0,0.0,0.0
JAGUAR XF 2016,0.0,0.0,0.0,0.0,1.0,0.0,0.0,0.0,0.0,0.0,0.0,0.0
JEEP CHEROKEE 2016,0.0,0.7142857142857143,1.0,0.0,0.21428571428571427,0.42857142857142855,0.0,0.14285714285714285,0.14285714285714285,0.07142857142857142,0.07142857142857142,0.0
JEEP CHEROKEE 2017,0.0,0.0,1.0,0.0,0.0,0.0,0.0,0.0,0.0,0.0,0.0,0.0
JEEP COMPASS 2016,0.0,0.1,1.0,0.0,0.0,0.0,0.0,0.0,0.3,0.2,0.0,0.0
JEEP GRAND-CHEROKEE 2016,0.0,0.5454545454545454,1.0,0.09090909090909091,0.0,0.36363636363636365,0.09090909090909091,0.09090909090909091,0.09090909090909091,0.0,0.0,0.0
JEEP GRAND-CHEROKEE 2017,0.0,0.0,1.0,0.0,0.0,0.3333333333333333,0.0,0.0,0.0,0.0,0.0,0.0
JEEP PATRIOT 2016,0.0,0.6666666666666666,1.0,0.0,0.0,0.26666666666666666,0.0,0.26666666666666666,0.6,0.0,0.26666666666666666,0.0
JEEP PATRIOT 2017,0.0,0.0,1.0,0.0,0.0,0.0,0.0,0.0,0.0,0.0,0.0,0.0
JEEP RENEGADE 2016,0.1111111111111111,0.8888888888888888,1.0,0.1111111111111111,0.5555555555555556,0.0,0.1111111111111111,0.3333333333333333,0.8888888888888888,0.4444444444444444,0.1111111111111111,0.0
JEEP WRANGLER 2016,0.0,1.0,1.0,1.0,0.25,0.75,0.0,0.25,0.75,0.0,0.0,0.0
JEEP WRANGLER 2017,0.0,0.0,0.5,0.0,0.0,1.0,0.0,0.5,0.0,0.0,0.0,0.0
KIA FORTE 2016,0.0,0.4,1.0,0.0,0.1,0.1,0.0,0.0,0.3,0.1,0.3,0.0
KIA FORTE 2017,0.0,1.0,0.0,0.0,0.0,0.0,0.0,0.0,0.5,0.5,0.0,0.0
KIA NIRO 2017,0.25,0.0,1.0,0.0,0.0,0.25,0.0,0.0,0.0,0.25,0.0,0.0
KIA OPTIMA 2016,0.0,0.4444444444444444,1.0,0.2222222222222222,0.5555555555555556,0.3333333333333333,0.1111111111111111,0.3333333333333333,0.2222222222222222,0.0,0.1111111111111111,0.0
KIA SEDONA 2016,0.25,0.75,1.0,0.25,0.0,0.5,0.0,0.5,1.0,0.0,0.0,0.0
KIA SEDONA 2017,0.0,0.0,0.0,1.0,0.0,1.0,0.0,0.0,0.0,0.0,0.0,0.0
KIA SORENTO 2016,0.0,0.21052631578947367,1.0,0.15789473684210525,0.10526315789473684,0.2894736842105263,0.13157894736842105,0.3157894736842105,0.21052631578947367,0.0,0.18421052631578946,0.07894736842105263
KIA SORENTO 2017,0.0,0.18181818181818182,1.0,0.0,0.0,0.36363636363636365,0.0,0.18181818181818182,0.5454545454545454,0.0,0.5454545454545454,0.0
KIA SOUL-EV 2016,0.0,0.0,0.3333333333333333,0.0,1.0,0.3333333333333333,0.0,1.0,0.0,0.0,0.0,0.0
KIA SOUL 2016,0.13636363636363635,0.2727272727272727,1.0,0.09090909090909091,0.09090909090909091,0.045454545454545456,0.045454545454545456,0.36363636363636365,0.22727272727272727,0.5,0.36363636363636365,0.0
KIA SPORTAGE 2016,0.0,0.6666666666666666,1.0,0.0,0.3333333333333333,0.0,0.0,0.0,0.0,0.3333333333333333,0.0,0.0
KIA SPORTAGE 2017,0.0,0.5833333333333334,0.6666666666666666,0.16666666666666666,0.75,1.0,0.0,0.6666666666666666,0.0,0.16666666666666666,0.3333333333333333,0.4166666666666667
LAND-ROVER DISCOVERY-SPORT 2016,0.0,0.0,1.0,0.125,0.0,0.0,0.0,0.0,0.0,0.125,0.125,0.0
LAND-ROVER LR4 2016,0.0,0.0,1.0,0.25,0.0,0.0,0.0,0.0,0.0,0.0,0.0,0.0
LAND-ROVER RANGE-ROVER-EVOQUE 2016,0.0,0.0,1.0,0.0,0.0,0.0,0.0,0.0,0.0,0.0,0.0,0.0
LAND-ROVER RANGE-ROVER-SPORT 2016,0.0,0.0,1.0,0.0,0.0,0.0,0.0,0.0,0.0,0.0,0.0,0.0
LEXUS CT-200H 2016,0.0,1.0,0.0,0.0,1.0,0.0,0.3333333333333333,0.0,0.0,0.0,0.0,0.0
LEXUS ES-300H 2016,0.0,1.0,0.38461538461538464,0.15384615384615385,0.0,0.5384615384615384,0.0,0.07692307692307693,0.07692307692307693,0.0,0.0,0.0
LEXUS ES-350 2016,0.0,0.0,0.6666666666666666,1.0,0.6666666666666666,0.3333333333333333,0.0,0.0,1.0,0.3333333333333333,0.0,0.0
LEXUS GS-350 2016,0.0,1.0,0.0,0.5,0.0,0.0,0.0,0.5,1.0,0.0,0.0,0.0
LEXUS GX-460 2016,0.0,0.25,0.25,0.5,0.25,0.5,0.0,0.0,1.0,0.0,0.0,0.0
LEXUS IS-200T 2016,0.0,0.3333333333333333,1.0,0.16666666666666666,0.0,0.0,0.16666666666666666,0.3333333333333333,0.0,0.0,0.0,0.0
LEXUS IS-300 2016,0.3333333333333333,0.0,0.3333333333333333,0.6666666666666666,0.0,0.0,0.0,0.3333333333333333,0.0,1.0,0.0,0.0
LEXUS IS-350 2016,0.0,1.0,0.5,0.0,0.0,0.0,0.0,0.0,0.5,0.0,0.0,0.0
LEXUS LS-460 2016,0.0,0.0,1.0,0.0,0.14285714285714285,0.14285714285714285,0.0,0.0,0.0,0.0,0.0,0.0
LEXUS LX-570 2016,0.0,0.0,0.0,1.0,0.0,0.0,0.0,0.0,0.0,0.0,0.0,0.0
LEXUS NX-200T 2016,0.08333333333333333,0.3333333333333333,1.0,0.16666666666666666,0.0,0.16666666666666666,0.0,0.5,0.08333333333333333,0.16666666666666666,0.16666666666666666,0.0
LEXUS NX-200T 2017,0.0,0.3333333333333333,1.0,0.0,0.0,0.6666666666666666,0.0,0.0,0.0,0.16666666666666666,0.0,0.0
LEXUS NX-300H 2016,0.0,1.0,0.0,0.0,0.0,0.0,0.0,0.0,0.0,0.0,0.5,0.0
LEXUS NX-300H 2017,0.0,0.0,0.0,0.0,0.0,1.0,0.0,0.0,0.0,0.0,0.0,0.0
LEXUS RC-200T 2016,0.0,0.3333333333333333,1.0,0.0,0.0,0.0,0.0,0.6666666666666666,0.0,0.0,0.0,0.0
LEXUS RC-300 2016,0.0,0.0,0.6666666666666666,1.0,0.3333333333333333,0.6666666666666666,0.0,0.0,0.0,0.0,0.0,0.0
LEXUS RC-350 2016,0.0,0.0,0.0,0.0,1.0,0.0,0.0,0.0,0.0,0.0,0.0,0.0
LEXUS RX-350 2016,0.08333333333333333,0.5833333333333334,1.0,0.3333333333333333,0.5,1.0,0.08333333333333333,0.25,0.25,0.3333333333333333,0.25,0.0
LEXUS RX-350 2017,0.0,1.0,1.0,1.0,1.0,0.0,0.0,0.0,1.0,0.0,0.0,0.0
LEXUS RX-450H 2016,0.0,0.0,0.14285714285714285,1.0,0.5714285714285714,0.2857142857142857,0.0,0.14285714285714285,0.0,0.14285714285714285,0.0,0.0
LINCOLN CONTINENTAL 2017,0.0,0.0,1.0,0.3333333333333333,0.0,0.6666666666666666,0.0,0.3333333333333333,0.3333333333333333,0.3333333333333333,0.0,0.0
LINCOLN MKC 2016,0.0,0.0,1.0,0.5,0.0,0.5,0.0,0.5,1.0,0.0,0.0,0.0
LINCOLN MKC 2017,0.0,1.0,0.0,0.0,0.1111111111111111,0.3333333333333333,0.0,0.0,0.0,0.0,0.0,0.0
LINCOLN MKS 2016,0.0,0.0,1.0,0.0,0.16666666666666666,0.0,0.0,0.16666666666666666,0.0,0.0,0.0,0.0
LINCOLN MKX 2016,0.0,0.25,1.0,0.3333333333333333,0.0,0.5833333333333334,0.0,0.0,0.08333333333333333,0.16666666666666666,0.5833333333333334,0.0
LINCOLN MKZ 2016,0.0,0.0,0.3333333333333333,1.0,0.0,0.1111111111111111,0.1111111111111111,0.1111111111111111,0.2222222222222222,0.0,0.0,0.0
LINCOLN MKZ 2017,0.0,0.6666666666666666,1.0,0.6666666666666666,0.3333333333333333,0.3333333333333333,0.0,1.0,0.0,0.0,0.0,0.0
LINCOLN NAVIGATOR 2016,0.0,0.0,0.0,0.0,0.0,1.0,0.0,0.0,1.0,0.0,0.0,0.0
MASERATI GHIBLI 2016,0.0,0.0,0.0,0.0,1.0,0.0,0.0,1.0,0.0,0.0,0.0,0.0
MASERATI LEVANTE 2017,0.0,0.0,0.75,0.25,0.0,0.0,0.0,0.0,0.0,0.0,1.0,0.25
MAZDA 3 2016,0.0,1.0,0.6363636363636364,0.0,0.2727272727272727,0.09090909090909091,0.18181818181818182,0.09090909090909091,0.18181818181818182,0.45454545454545453,0.0,0.0
MAZDA 3 2017,0.0,0.4,0.4,0.4,0.2,0.2,0.0,1.0,0.0,0.2,0.0,0.0
MAZDA 6 2016,0.1111111111111111,0.5555555555555556,0.9444444444444444,0.3333333333333333,1.0,0.16666666666666666,0.1111111111111111,0.3333333333333333,0.3333333333333333,0.1111111111111111,0.4444444444444444,0.05555555555555555
MAZDA 6 2017,0.0,0.0,1.0,0.25,0.75,1.0,0.0,0.25,0.5,0.0,0.0,0.25
MAZDA CX-3 2016,0.0,0.47058823529411764,0.7058823529411765,0.058823529411764705,0.23529411764705882,0.058823529411764705,0.17647058823529413,0.17647058823529413,0.0,1.0,0.0,0.0
MAZDA CX-3 2017,0.0,0.0,0.0,0.0,0.0,0.0,1.0,0.0,0.0,1.0,0.0,0.0
MAZDA CX-5 2016,0.04285714285714286,0.8285714285714286,1.0,0.1,0.4857142857142857,0.21428571428571427,0.04285714285714286,0.38571428571428573,0.35714285714285715,0.2,0.08571428571428572,0.0
MAZDA CX-9 2016,0.25,0.20833333333333334,1.0,0.5,0.08333333333333333,0.6666666666666666,0.041666666666666664,0.16666666666666666,0.125,0.125,0.25,0.0
MAZDA MX-5-MIATA-RF 2017,0.0,0.0,0.0,0.0,0.0,0.0,0.0,1.0,0.0,0.0,0.0,0.0
MAZDA MX-5-MIATA 2016,0.0,0.1111111111111111,0.5555555555555556,0.1111111111111111,1.0,0.0,0.2222222222222222,1.0,0.6666666666666666,0.4444444444444444,0.1111111111111111,0.0
MERCEDES-BENZ AMG-GT 2016,0.0,0.0,1.0,0.0,0.0,0.0,0.0,0.0,0.0,0.0,0.0,0.0
MERCEDES-BENZ C-CLASS 2016,0.0,0.23529411764705882,1.0,0.23529411764705882,0.11764705882352941,0.0,0.0,0.17647058823529413,0.058823529411764705,0.23529411764705882,0.0,0.0
MERCEDES-BENZ C-CLASS 2017,0.0,0.0,0.0,0.0,0.0,1.0,0.0,0.0,0.0,0.0,0.0,0.0
MERCEDES-BENZ CLA-CLASS 2016,0.0,1.0,0.5,0.0,0.0,0.0,0.0,0.0,0.0,0.5,0.0,0.0
MERCEDES-BENZ CLA-CLASS 2017,0.0,0.0,0.0,0.0,1.0,0.0,0.0,0.0,0.0,0.0,0.0,0.0
MERCEDES-BENZ CLS-CLASS 2016,0.0,0.0,1.0,0.0,0.25,0.0,0.0,0.25,0.0,0.0,0.0,0.0
MERCEDES-BENZ E-CLASS 2016,0.0,0.0,0.6,1.0,0.0,0.2,0.0,0.0,0.0,0.0,0.0,0.0
MERCEDES-BENZ E-CLASS 2017,0.0,0.6666666666666666,0.3333333333333333,0.0,0.0,0.0,0.0,1.0,0.0,0.0,0.6666666666666666,0.0
MERCEDES-BENZ G-CLASS 2016,0.0,0.0,1.0,0.0,0.0,0.0,0.0,0.0,0.3333333333333333,0.0,0.0,0.0
MERCEDES-BENZ GL-CLASS 2016,0.0,0.0,1.0,0.0,0.0,0.0,0.0,0.0,0.14285714285714285,0.0,0.0,0.0
MERCEDES-BENZ GLA-CLASS 2016,0.14285714285714285,1.0,0.8571428571428571,0.14285714285714285,0.2857142857142857,0.0,0.0,0.5714285714285714,0.14285714285714285,0.14285714285714285,0.14285714285714285,0.0
MERCEDES-BENZ GLA-CLASS 2017,0.0,0.0,0.2,0.4,1.0,0.0,0.0,0.4,0.0,0.0,0.0,0.0
MERCEDES-BENZ GLC-CLASS 2016,0.0,0.8571428571428571,1.0,0.5714285714285714,0.14285714285714285,0.5714285714285714,0.0,0.14285714285714285,0.42857142857142855,0.0,0.42857142857142855,0.0
MERCEDES-BENZ GLC-CLASS 2017,0.14285714285714285,0.2857142857142857,0.42857142857142855,0.2857142857142857,0.14285714285714285,0.0,0.0,1.0,0.5714285714285714,0.0,0.14285714285714285,0.0
MERCEDES-BENZ GLE-CLASS-COUPE 2016,0.0,0.0,1.0,0.0,0.75,0.25,0.0,0.125,0.0,0.0,0.0,0.0
MERCEDES-BENZ GLE-CLASS 2016,0.0,0.0,1.0,0.3333333333333333,0.16666666666666666,0.0,0.0,0.0,0.16666666666666666,0.0,0.5,0.0
MERCEDES-BENZ GLE-CLASS 2017,0.8,0.0,0.2,0.4,1.0,0.0,0.0,0.2,0.0,0.0,0.0,0.0
MERCEDES-BENZ GLS-CLASS 2017,0.0,0.0,0.0,0.0,0.0,0.0,0.0,0.0,1.0,0.0,0.0,0.0
MERCEDES-BENZ METRIS 2016,0.5,1.0,0.5,0.0,0.0,0.0,0.0,0.0,0.5,0.0,0.5,0.0
MERCEDES-BENZ SL-CLASS 2017,0.0,0.0,1.0,0.0,0.0,0.0,0.0,1.0,0.0,0.0,0.0,0.0
MINI CLUBMAN 2017,0.0,0.0,0.0,0.5,1.0,0.0,0.0,0.0,0.0,0.5,0.0,0.0
MINI COOPER-CLUBMAN 2016,0.0,0.0,1.0,0.0,0.0,0.5,0.0,0.5,1.0,0.5,0.0,0.0
MINI COOPER-COUNTRYMAN 2016,0.0,0.0,1.0,0.0,0.0,0.0,0.0,0.0,0.0,0.0,0.0,0.0
MINI COOPER 2016,0.0,0.0,0.25,0.0,1.0,0.0,0.0,0.0,0.0,0.0,0.0,0.0
MITSUBISHI I-MIEV 2017,0.0,1.0,0.0,0.0,0.5,0.0,0.5,0.0,0.0,0.5,0.0,0.0
MITSUBISHI LANCER 2016,0.0,0.0,1.0,0.0,1.0,0.0,0.0,0.0,0.0,0.0,0.0,0.0
MITSUBISHI MIRAGE-G4 2017,0.0,0.6666666666666666,0.6666666666666666,1.0,0.3333333333333333,0.6666666666666666,0.0,0.0,0.0,0.3333333333333333,0.0,0.0
MITSUBISHI MIRAGE 2017,0.0,1.0,0.4,0.0,0.2,0.0,0.2,0.0,0.0,0.6,0.0,0.0
MITSUBISHI OUTLANDER-SPORT 2016,0.0,1.0,0.16666666666666666,0.0,0.3333333333333333,0.5,0.0,0.0,0.16666666666666666,0.3333333333333333,0.16666666666666666,0.0
MITSUBISHI OUTLANDER 2016,0.35714285714285715,1.0,0.42857142857142855,0.14285714285714285,0.0,0.07142857142857142,0.21428571428571427,0.2857142857142857,0.7142857142857143,0.07142857142857142,0.0,0.07142857142857142
NISSAN 370Z 2016,0.0,0.0,0.7142857142857143,0.14285714285714285,1.0,0.0,0.0,0.0,0.0,0.0,0.0,0.0
NISSAN ALTIMA 2016,0.041666666666666664,0.2916666666666667,1.0,0.125,0.16666666666666666,0.16666666666666666,0.0,0.041666666666666664,0.16666666666666666,0.0,0.08333333333333333,0.0
NISSAN ALTIMA 2017,0.0,0.0,1.0,0.0,0.0,1.0,0.0,0.0,0.0,0.0,0.0,0.0
NISSAN ARMADA 2017,0.0,0.0,0.0,0.0,0.0,0.0,0.0,0.3333333333333333,1.0,0.0,0.0,0.0
NISSAN FRONTIER 2016,0.0,0.4,0.4,0.0,0.0,1.0,0.0,0.0,0.4,0.0,0.0,0.0
NISSAN JUKE 2016,1.0,1.0,0.0,0.0,0.6666666666666666,0.0,0.0,0.0,0.0,0.0,0.0,0.0
NISSAN LEAF 2016,0.0,0.0,1.0,0.0,0.0,0.0,1.0,0.0,0.0,0.3333333333333333,0.0,0.0
NISSAN MAXIMA 2016,0.20833333333333334,0.4166666666666667,1.0,0.7083333333333334,0.6666666666666666,0.2916666666666667,0.041666666666666664,0.5,0.20833333333333334,0.0,0.16666666666666666,0.0
NISSAN MAXIMA 2017,0.0,0.4,1.0,0.0,0.2,0.0,0.0,0.2,0.0,0.0,0.2,0.0
NISSAN MURANO 2016,0.0,0.3076923076923077,1.0,0.23076923076923078,0.038461538461538464,0.2692307692307692,0.038461538461538464,0.15384615384615385,0.2692307692307692,0.11538461538461539,0.38461538461538464,0.0
NISSAN PATHFINDER 2016,0.0,0.25,0.5,0.5,0.0,0.0,0.0,1.0,0.625,0.0,0.625,0.0
NISSAN PATHFINDER 2017,1.0,1.0,0.6666666666666666,0.3333333333333333,0.0,0.0,0.0,0.0,0.0,0.0,0.3333333333333333,0.0
NISSAN QUEST 2016,0.0,1.0,0.0,0.0,0.5,0.0,0.0,0.0,0.0,0.0,0.0,0.0
NISSAN ROGUE 2016,0.0625,0.5625,1.0,0.0,0.34375,0.3125,0.09375,0.21875,0.28125,0.09375,0.125,0.0
NISSAN ROGUE 2017,0.0,1.0,0.25,0.25,0.0,0.0,0.0,0.0,0.75,0.0,0.0,0.0
NISSAN SENTRA 2016,0.125,1.0,0.875,0.375,1.0,0.125,0.125,0.0,0.125,0.375,0.375,0.0
NISSAN VERSA-NOTE 2016,0.0,0.3333333333333333,1.0,0.0,1.0,0.0,0.0,0.0,0.0,0.3333333333333333,0.3333333333333333,0.0
NISSAN VERSA 2016,0.0,1.0,0.8571428571428571,0.0,0.14285714285714285,0.14285714285714285,0.0,0.2857142857142857,0.5714285714285714,0.42857142857142855,0.42857142857142855,0.0
NISSAN VERSA 2017,0.0,0.0,1.0,0.0,0.25,0.0,0.0,0.0,0.0,0.0,1.0,0.0
PORSCHE 718-BOXSTER 2017,0.0,1.0,0.0,0.0,0.0,0.0,0.0,0.0,0.0,0.0,0.0,0.0
PORSCHE 718-CAYMAN 2017,0.0,0.0,0.0,0.0,1.0,0.0,0.0,0.0,0.0,0.0,0.0,0.0
PORSCHE 911 2016,0.0,0.0,0.0,0.6666666666666666,1.0,0.0,0.0,0.0,0.0,0.0,0.0,0.0
PORSCHE 911 2017,0.0,0.0,1.0,0.0,1.0,0.0,0.0,1.0,0.0,0.0,0.0,0.25
PORSCHE CAYENNE 2016,0.0,1.0,0.0,0.0,0.0,0.0,0.0,0.0,1.0,0.0,0.0,0.0
PORSCHE CAYMAN 2016,0.0,0.25,0.0,0.0,1.0,0.0,0.0,0.0,0.0,0.0,0.0,0.0
PORSCHE MACAN 2016,0.0,0.0,0.0,0.6666666666666666,1.0,0.0,0.0,0.3333333333333333,0.3333333333333333,0.0,0.3333333333333333,0.0
PORSCHE MACAN 2017,0.0,0.0,1.0,0.0,0.2857142857142857,0.0,0.0,0.0,0.0,0.0,0.0,0.0
PORSCHE PANAMERA 2016,0.0,0.0,0.0,0.0,1.0,0.0,0.0,0.0,1.0,0.0,0.0,0.0
RAM 1500 2016,0.0,0.0,0.6666666666666666,0.0,0.0,0.3333333333333333,0.0,0.0,1.0,0.0,0.0,0.0
RAM 2500 2016,0.0,0.0,1.0,0.0,0.0,0.0,0.0,0.0,0.0,0.0,0.0,0.0
RAM PROMASTER-CARGO-VAN 2016,0.0,1.0,1.0,0.0,0.0,0.0,0.0,0.0,0.0,0.0,0.0,0.0
RAM PROMASTER-CITY 2016,0.0,0.0,1.0,0.0,0.0,0.8,0.0,0.0,0.0,0.0,0.0,0.0
RAM PROMASTER-CITY 2017,0.0,0.0,0.3333333333333333,0.0,0.0,0.0,0.0,0.0,0.0,1.0,0.0,0.0
SCION FR-S 2016,0.0,0.0,0.0,0.0,0.0,0.0,0.0,1.0,0.0,0.0,0.0,0.0
SCION IA 2016,0.0,0.5833333333333334,1.0,0.0,0.08333333333333333,0.0,0.0,0.3333333333333333,0.08333333333333333,1.0,0.16666666666666666,0.0
SCION IM 2016,0.0,1.0,0.16666666666666666,0.0,0.16666666666666666,0.16666666666666666,0.0,0.16666666666666666,0.5,0.3333333333333333,0.16666666666666666,0.0
SCION TC 2016,0.0,0.0,0.0,0.0,0.0,0.0,0.0,0.0,0.0,0.0,1.0,0.0
SMART FORTWO 2016,0.0,0.0,0.0,0.0,0.25,0.0,0.0,0.75,0.0,1.0,0.0,0.0
SUBARU BRZ 2016,0.0,0.0,0.3333333333333333,0.0,0.3333333333333333,0.0,0.0,0.3333333333333333,1.0,0.0,0.0,0.0
SUBARU CROSSTREK 2016,0.0,0.7058823529411765,1.0,0.058823529411764705,0.47058823529411764,0.29411764705882354,0.0,0.0,0.17647058823529413,0.35294117647058826,0.0,0.0
SUBARU CROSSTREK 2017,0.0,1.0,0.0,0.0,0.0,0.0,0.0,0.5,0.0,0.0,0.0,0.0
SUBARU FORESTER 2016,0.07142857142857142,0.4523809523809524,1.0,0.023809523809523808,0.21428571428571427,0.2619047619047619,0.0,0.11904761904761904,0.3333333333333333,0.023809523809523808,0.3333333333333333,0.0
SUBARU FORESTER 2017,0.15384615384615385,0.8461538461538461,0.8461538461538461,0.23076923076923078,0.0,1.0,0.15384615384615385,0.23076923076923078,0.46153846153846156,0.15384615384615385,0.5384615384615384,0.0
SUBARU IMPREZA 2016,0.0,0.0,0.0,0.0,0.0,0.0,0.0,0.0,0.0,0.0,1.0,0.0
SUBARU IMPREZA 2017,0.0,0.6666666666666666,0.6666666666666666,0.0,1.0,0.3333333333333333,0.0,0.0,0.0,0.0,0.0,0.0
SUBARU LEGACY 2016,0.07692307692307693,0.46153846153846156,1.0,0.07692307692307693,0.15384615384615385,0.3076923076923077,0.0,0.0,0.15384615384615385,0.0,0.23076923076923078,0.0
SUBARU LEGACY 2017,0.0,0.0,1.0,0.16666666666666666,0.0,0.3333333333333333,0.0,0.16666666666666666,0.25,0.0,0.25,0.0
SUBARU OUTBACK 2016,0.0547945205479452,0.5616438356164384,1.0,0.0958904109589041,0.0273972602739726,0.3561643835616438,0.0410958904109589,0.0958904109589041,0.273972602739726,0.0,0.2191780821917808,0.0136986301369863
SUBARU OUTBACK 2017,0.03225806451612903,0.2903225806451613,1.0,0.12903225806451613,0.03225806451612903,0.41935483870967744,0.1935483870967742,0.0,0.25806451612903225,0.03225806451612903,0.1935483870967742,0.0
SUBARU WRX 2016,0.0,1.0,0.0,0.3333333333333333,0.3333333333333333,0.0,0.16666666666666666,0.16666666666666666,0.8333333333333334,0.16666666666666666,0.16666666666666666,0.0
SUBARU WRX 2017,0.0,0.8333333333333334,0.3333333333333333,0.5,1.0,0.16666666666666666,0.16666666666666666,0.0,0.3333333333333333,0.0,0.16666666666666666,0.0
TESLA MODEL-S 2016,0.0,0.0,0.0,0.5,0.0,0.0,0.0,1.0,0.0,0.0,0.5,0.0
TESLA MODEL-X 2016,0.0,0.0,1.0,0.0,0.0,0.0,0.16666666666666666,0.0,0.5,0.0,0.0,0.0
TOYOTA 4RUNNER 2016,0.23076923076923078,0.7692307692307693,1.0,0.07692307692307693,0.0,0.3076923076923077,0.07692307692307693,0.46153846153846156,0.46153846153846156,0.07692307692307693,0.38461538461538464,0.0
TOYOTA 4RUNNER 2017,0.0,0.0,1.0,0.0,0.0,0.0,0.0,0.0,0.0,0.0,0.0,0.0
TOYOTA AVALON-HYBRID 2016,0.0,0.3333333333333333,1.0,0.0,0.0,0.0,0.0,0.0,0.0,0.0,0.0,0.0
TOYOTA AVALON 2016,0.0,0.16666666666666666,1.0,0.0,0.05555555555555555,0.2222222222222222,0.3333333333333333,0.16666666666666666,0.1111111111111111,0.0,0.1111111111111111,0.0
TOYOTA CAMRY-HYBRID 2016,0.0,1.0,0.5,0.0,0.0,0.25,0.0,0.0,0.75,0.0,0.0,0.0
TOYOTA CAMRY-HYBRID 2017,0.0,1.0,0.5,0.0,0.0,0.0,0.0,0.0,0.0,0.0,0.0,0.0
TOYOTA CAMRY 2016,0.03225806451612903,0.06451612903225806,1.0,0.12903225806451613,0.03225806451612903,0.25806451612903225,0.0,0.03225806451612903,0.0967741935483871,0.03225806451612903,0.1935483870967742,0.0
TOYOTA CAMRY 2017,0.16666666666666666,0.0,0.8333333333333334,0.0,0.0,0.3333333333333333,0.0,1.0,0.5,0.0,0.5,0.0
TOYOTA COROLLA-IM 2017,0.0,1.0,0.0,0.0,0.0,0.5,0.0,0.0,0.5,0.5,0.0,0.0
TOYOTA COROLLA 2016,0.0,0.9565217391304348,1.0,0.0,0.08695652173913043,0.043478260869565216,0.0,0.043478260869565216,0.5217391304347826,0.17391304347826086,0.13043478260869565,0.0
TOYOTA COROLLA 2017,0.0,0.6666666666666666,0.0,0.0,0.0,0.3333333333333333,0.0,0.0,1.0,0.6666666666666666,0.0,0.0
TOYOTA HIGHLANDER-HYBRID 2016,0.0,0.5,0.75,0.25,0.0,0.5,0.0,0.0,1.0,0.0,0.0,0.0
TOYOTA HIGHLANDER-HYBRID 2017,0.0,1.0,0.6666666666666666,0.0,0.0,0.0,0.0,0.0,0.0,0.0,0.0,0.0
TOYOTA HIGHLANDER 2016,0.11538461538461539,0.23076923076923078,1.0,0.11538461538461539,0.038461538461538464,0.34615384615384615,0.0,0.038461538461538464,0.23076923076923078,0.038461538461538464,0.3076923076923077,0.0
TOYOTA HIGHLANDER 2017,0.125,0.0,1.0,0.125,0.0,0.125,0.0,0.0,0.125,0.0,1.0,0.0
TOYOTA LAND-CRUISER 2016,0.0,0.5,0.25,1.0,0.0,0.0,0.0,0.0,0.5,0.0,0.0,0.0
TOYOTA MIRAI 2017,0.0,0.0,0.0,0.0,0.0,1.0,0.0,0.0,0.0,0.0,0.0,0.0
TOYOTA PRIUS-C 2016,0.0,1.0,0.5714285714285714,0.0,0.0,0.2857142857142857,0.14285714285714285,0.0,0.14285714285714285,0.0,0.0,0.0
TOYOTA PRIUS-PRIME 2017,0.0,1.0,0.6666666666666666,0.0,0.0,0.0,1.0,0.0,0.0,0.0,0.3333333333333333,0.0
TOYOTA PRIUS-V 2016,0.0,1.0,0.3333333333333333,0.3333333333333333,0.0,0.0,0.3333333333333333,0.0,0.6666666666666666,0.0,0.0,0.0
TOYOTA PRIUS-V 2017,0.0,0.5,1.0,0.0,0.0,0.0,0.0,0.0,0.0,0.0,0.0,0.0
TOYOTA PRIUS 2016,0.07692307692307693,1.0,0.6153846153846154,0.07692307692307693,0.11538461538461539,0.19230769230769232,0.11538461538461539,0.07692307692307693,0.15384615384615385,0.15384615384615385,0.23076923076923078,0.0
TOYOTA PRIUS 2017,0.0,0.4,0.4,0.0,0.0,1.0,0.0,0.0,0.2,0.2,0.2,0.0
TOYOTA RAV4-HYBRID 2016,0.0,1.0,0.8260869565217391,0.043478260869565216,0.08695652173913043,0.17391304347826086,0.13043478260869565,0.08695652173913043,0.2608695652173913,0.30434782608695654,0.0,0.0
TOYOTA RAV4-HYBRID 2017,0.0,0.25,1.0,0.25,0.25,0.0,0.0,0.75,0.0,0.0,0.5,0.0
TOYOTA RAV4 2016,0.07692307692307693,0.6923076923076923,1.0,0.07692307692307693,0.15384615384615385,0.3076923076923077,0.0,0.07692307692307693,0.3076923076923077,0.46153846153846156,0.7692307692307693,0.0
TOYOTA RAV4 2017,0.0,0.8333333333333334,0.8333333333333334,0.0,0.0,1.0,0.0,0.3333333333333333,0.0,0.16666666666666666,0.16666666666666666,0.0
TOYOTA SEQUOIA 2016,0.0,0.5,1.0,0.0,0.0,0.25,0.0,0.0,0.25,0.0,0.25,0.0
TOYOTA SIENNA 2016,0.3333333333333333,0.0,1.0,0.0,0.1111111111111111,0.0,0.0,0.6666666666666666,0.0,0.2222222222222222,0.0,0.0
TOYOTA SIENNA 2017,0.0,0.6666666666666666,1.0,0.0,0.0,0.0,0.0,0.0,0.3333333333333333,0.0,0.0,0.0
TOYOTA TACOMA 2016,0.0,0.8,1.0,0.0,0.0,0.0,0.0,0.2,0.0,0.0,0.0,0.0
TOYOTA TACOMA 2017,0.0,0.0,1.0,0.0,0.0,1.0,0.0,0.0,0.0,0.0,0.0,0.0
TOYOTA TUNDRA 2016,0.0,0.6666666666666666,1.0,0.0,0.0,0.6666666666666666,0.0,0.3333333333333333,0.6666666666666666,0.0,0.3333333333333333,0.0
TOYOTA TUNDRA 2017,0.0,1.0,0.25,0.0,0.0,0.0,0.0,0.5,0.0,0.0,0.0,0.0
TOYOTA YARIS-IA 2017,0.0,0.09090909090909091,1.0,0.0,0.0,0.0,0.0,0.0,0.0,0.0,0.0,0.0
VOLKSWAGEN BEETLE-CONVERTIBLE 2016,0.0,0.0,0.0,0.0,1.0,0.0,0.0,0.0,0.0,0.0,0.0,0.0
VOLKSWAGEN BEETLE 2016,0.0,0.0,0.0,0.0,0.0,0.0,1.0,0.0,0.0,0.0,0.0,0.0
VOLKSWAGEN CC 2016,0.0,0.0,1.0,0.0,0.0,0.0,0.0,0.0,0.0,0.0,0.0,0.0
VOLKSWAGEN E-GOLF 2016,0.0,0.0,0.3333333333333333,0.0,0.0,0.3333333333333333,1.0,0.0,0.0,0.0,0.0,0.0
VOLKSWAGEN EOS 2016,0.0,0.0,0.0,0.0,1.0,0.0,0.0,0.0,0.0,1.0,0.0,0.0
VOLKSWAGEN GOLF-ALLTRACK 2017,0.0,1.0,0.0,0.0,0.0,0.0,0.0,0.0,0.0,0.0,0.0,0.0
VOLKSWAGEN GOLF-GTI 2016,0.0,0.5,0.6111111111111112,0.1111111111111111,1.0,0.16666666666666666,0.0,0.0,0.3333333333333333,0.1111111111111111,0.2222222222222222,0.0
VOLKSWAGEN GOLF-GTI 2017,0.0,0.4,0.0,0.2,0.2,0.0,0.0,0.0,1.0,0.0,0.0,0.0
VOLKSWAGEN GOLF-R 2016,0.0,0.6,0.6,0.0,1.0,0.0,0.0,0.0,0.0,0.2,0.0,0.2
VOLKSWAGEN GOLF-R 2017,0.0,0.0,1.0,0.0,0.0,0.0,0.0,0.0,0.0,0.0,0.0,0.0
VOLKSWAGEN GOLF-SPORTWAGEN 2016,0.2,1.0,0.8,0.0,0.2,1.0,0.0,0.0,1.0,0.2,0.2,0.0
VOLKSWAGEN GOLF-SPORTWAGEN 2017,0.0,0.0,0.0,0.0,1.0,0.0,0.0,0.0,0.0,0.0,0.0,0.0
VOLKSWAGEN GOLF 2016,0.0,0.5,0.3333333333333333,0.0,0.16666666666666666,1.0,0.16666666666666666,0.0,0.16666666666666666,0.8333333333333334,0.3333333333333333,0.0
VOLKSWAGEN GOLF 2017,0.0,1.0,0.6666666666666666,1.0,0.6666666666666666,0.0,0.0,0.0,0.3333333333333333,0.3333333333333333,0.0,0.0
VOLKSWAGEN JETTA 2016,0.043478260869565216,1.0,0.6956521739130435,0.13043478260869565,0.2608695652173913,0.34782608695652173,0.08695652173913043,0.08695652173913043,0.391304347826087,0.391304347826087,0.391304347826087,0.0
VOLKSWAGEN JETTA 2017,0.0,0.4,0.0,0.0,0.0,0.0,0.0,0.0,0.0,0.0,1.0,0.0
VOLKSWAGEN PASSAT 2016,0.5454545454545454,0.09090909090909091,1.0,0.45454545454545453,0.36363636363636365,0.5454545454545454,0.5454545454545454,0.2727272727272727,0.5454545454545454,0.0,0.7272727272727273,0.0
VOLKSWAGEN PASSAT 2017,0.0,0.125,1.0,0.125,0.5,0.25,0.0,0.125,0.0,0.0,0.75,0.0
VOLKSWAGEN TIGUAN 2016,0.0,0.6666666666666666,0.5,0.16666666666666666,0.0,0.0,0.3333333333333333,0.0,0.0,0.0,1.0,0.0
VOLKSWAGEN TIGUAN 2017,0.0,0.0,0.0,0.0,0.0,0.0,0.0,0.0,1.0,0.0,0.0,0.0
VOLKSWAGEN TOUAREG 2016,0.0,0.0,1.0,0.0,0.0,0.0,1.0,0.0,0.0,0.0,0.0,0.0
VOLVO S60 2016,0.0,0.3333333333333333,0.5,0.8333333333333334,0.16666666666666666,0.3333333333333333,0.3333333333333333,1.0,0.16666666666666666,0.16666666666666666,0.5,0.0
VOLVO S60 2017,0.0,1.0,0.42857142857142855,0.0,0.14285714285714285,0.14285714285714285,0.0,0.0,0.0,0.0,0.0,0.0
VOLVO S80 2016,0.0,1.0,1.0,0.0,0.0,1.0,0.0,0.0,0.5,0.0,0.0,0.0
VOLVO V60 2016,0.0,1.0,1.0,0.0,0.0,0.0,0.0,0.0,0.0,0.0,0.0,0.0
VOLVO XC60 2016,0.0,1.0,0.4,0.0,0.2,0.2,0.0,0.6,0.6,0.0,0.0,0.0
VOLVO XC60 2017,0.0,0.0,1.0,0.0,0.0,0.0,0.0,0.0,0.0,0.0,0.5,0.0
VOLVO XC70 2016,0.0,0.2857142857142857,1.0,0.14285714285714285,0.2857142857142857,0.14285714285714285,0.0,0.0,0.14285714285714285,0.2857142857142857,0.14285714285714285,0.0
VOLVO XC90 2016,0.3125,0.375,1.0,0.0625,0.0,0.125,0.0,0.8125,0.25,0.0625,0.0,0.0
VOLVO XC90 2017,0.0,0.25,0.0,1.0,0.0,1.0,0.0,0.0,0.25,0.0,0.0,0.0
